Latitud,Longitud,Fecha,HoraUTC,Sat√©lites,HDOP,ERROR

---- Procesamiento: 2025-07-02 21:57:55 ----

---- Procesamiento: 2025-07-02 21:57:55 ----

---- Procesamiento: 2025-07-02 21:57:55 ----

---- Procesamiento: 2025-07-02 21:57:55 ----

---- Procesamiento: 2025-07-02 22:05:01 ----

---- Procesamiento: 2025-07-02 22:05:01 ----

---- Procesamiento: 2025-07-02 22:05:01 ----

---- Procesamiento: 2025-07-02 22:05:01 ----

---- Procesamiento: 2025-07-02 22:05:01 ----

---- Procesamiento: 2025-07-02 22:05:02 ----

---- Procesamiento: 2025-07-02 22:05:02 ----

---- Procesamiento: 2025-07-02 22:05:02 ----

---- Procesamiento: 2025-07-02 22:05:02 ----

---- Procesamiento: 2025-07-02 22:05:02 ----

---- Procesamiento: 2025-07-02 22:05:03 ----

---- Procesamiento: 2025-07-02 22:05:03 ----

---- Procesamiento: 2025-07-02 22:05:03 ----

---- Procesamiento: 2025-07-02 22:05:03 ----

---- Procesamiento: 2025-07-02 22:05:03 ----

---- Procesamiento: 2025-07-02 22:05:04 ----

---- Procesamiento: 2025-07-02 22:05:04 ----

---- Procesamiento: 2025-07-02 22:05:04 ----

---- Procesamiento: 2025-07-02 22:05:04 ----

---- Procesamiento: 2025-07-02 22:05:04 ----

---- Procesamiento: 2025-07-02 22:05:05 ----

---- Procesamiento: 2025-07-02 22:05:05 ----

---- Procesamiento: 2025-07-02 22:05:05 ----

---- Procesamiento: 2025-07-02 22:05:05 ----

---- Procesamiento: 2025-07-02 22:05:05 ----

---- Procesamiento: 2025-07-02 22:05:06 ----

---- Procesamiento: 2025-07-02 22:05:06 ----

---- Procesamiento: 2025-07-02 22:05:06 ----

---- Procesamiento: 2025-07-02 22:05:06 ----

---- Procesamiento: 2025-07-02 22:05:06 ----

---- Procesamiento: 2025-07-02 22:05:07 ----

---- Procesamiento: 2025-07-02 22:05:07 ----

---- Procesamiento: 2025-07-02 22:05:07 ----

---- Procesamiento: 2025-07-02 22:05:07 ----

---- Procesamiento: 2025-07-02 22:05:07 ----

---- Procesamiento: 2025-07-02 22:05:08 ----

---- Procesamiento: 2025-07-02 22:05:08 ----

---- Procesamiento: 2025-07-02 22:05:08 ----

---- Procesamiento: 2025-07-02 22:05:08 ----

---- Procesamiento: 2025-07-02 22:05:08 ----

---- Procesamiento: 2025-07-02 22:05:09 ----

---- Procesamiento: 2025-07-02 22:05:09 ----

---- Procesamiento: 2025-07-02 22:05:09 ----

---- Procesamiento: 2025-07-02 22:05:09 ----

---- Procesamiento: 2025-07-02 22:05:09 ----

---- Procesamiento: 2025-07-02 22:05:10 ----

---- Procesamiento: 2025-07-02 22:05:10 ----

---- Procesamiento: 2025-07-02 22:05:10 ----

---- Procesamiento: 2025-07-02 22:05:10 ----

---- Procesamiento: 2025-07-02 22:05:10 ----

---- Procesamiento: 2025-07-02 22:05:11 ----

---- Procesamiento: 2025-07-02 22:05:11 ----

---- Procesamiento: 2025-07-02 22:05:11 ----

---- Procesamiento: 2025-07-02 22:05:11 ----

---- Procesamiento: 2025-07-02 22:05:11 ----

---- Procesamiento: 2025-07-02 22:05:12 ----

---- Procesamiento: 2025-07-02 22:05:12 ----

---- Procesamiento: 2025-07-02 22:05:12 ----

---- Procesamiento: 2025-07-02 22:05:12 ----

---- Procesamiento: 2025-07-02 22:05:12 ----

---- Procesamiento: 2025-07-02 22:05:13 ----

---- Procesamiento: 2025-07-02 22:05:13 ----

---- Procesamiento: 2025-07-02 22:05:13 ----

---- Procesamiento: 2025-07-02 22:05:13 ----

---- Procesamiento: 2025-07-02 22:05:13 ----

---- Procesamiento: 2025-07-02 22:05:14 ----

---- Procesamiento: 2025-07-02 22:05:14 ----

---- Procesamiento: 2025-07-02 22:05:14 ----

---- Procesamiento: 2025-07-02 22:05:14 ----

---- Procesamiento: 2025-07-02 22:05:14 ----

---- Procesamiento: 2025-07-02 22:05:15 ----

---- Procesamiento: 2025-07-02 22:05:15 ----

---- Procesamiento: 2025-07-02 22:05:15 ----

---- Procesamiento: 2025-07-02 22:05:15 ----

---- Procesamiento: 2025-07-02 22:05:15 ----

---- Procesamiento: 2025-07-02 22:05:16 ----

---- Procesamiento: 2025-07-02 22:05:16 ----

---- Procesamiento: 2025-07-02 22:05:16 ----

---- Procesamiento: 2025-07-02 22:05:16 ----

---- Procesamiento: 2025-07-02 22:05:16 ----

---- Procesamiento: 2025-07-02 22:05:17 ----

---- Procesamiento: 2025-07-02 22:05:17 ----

---- Procesamiento: 2025-07-02 22:05:17 ----

---- Procesamiento: 2025-07-02 22:05:17 ----

---- Procesamiento: 2025-07-02 22:05:17 ----

---- Procesamiento: 2025-07-02 22:05:18 ----

---- Procesamiento: 2025-07-02 22:05:18 ----

---- Procesamiento: 2025-07-02 22:05:18 ----

---- Procesamiento: 2025-07-02 22:05:18 ----

---- Procesamiento: 2025-07-02 22:05:18 ----

---- Procesamiento: 2025-07-02 22:05:19 ----

---- Procesamiento: 2025-07-02 22:05:19 ----

---- Procesamiento: 2025-07-02 22:05:19 ----

---- Procesamiento: 2025-07-02 22:05:19 ----

---- Procesamiento: 2025-07-02 22:05:19 ----

---- Procesamiento: 2025-07-02 22:05:20 ----

---- Procesamiento: 2025-07-02 22:05:20 ----

---- Procesamiento: 2025-07-02 22:05:20 ----

---- Procesamiento: 2025-07-02 22:05:20 ----

---- Procesamiento: 2025-07-02 22:05:20 ----

---- Procesamiento: 2025-07-02 22:05:21 ----

---- Procesamiento: 2025-07-02 22:05:21 ----

---- Procesamiento: 2025-07-02 22:05:21 ----

---- Procesamiento: 2025-07-02 22:05:21 ----

---- Procesamiento: 2025-07-02 22:05:21 ----

---- Procesamiento: 2025-07-02 22:05:22 ----

---- Procesamiento: 2025-07-02 22:05:22 ----

---- Procesamiento: 2025-07-02 22:05:22 ----

---- Procesamiento: 2025-07-02 22:05:22 ----

---- Procesamiento: 2025-07-02 22:05:22 ----

---- Procesamiento: 2025-07-02 22:05:23 ----

---- Procesamiento: 2025-07-02 22:05:23 ----

---- Procesamiento: 2025-07-02 22:05:23 ----

---- Procesamiento: 2025-07-02 22:05:23 ----

---- Procesamiento: 2025-07-02 22:05:24 ----

---- Procesamiento: 2025-07-02 22:05:24 ----

---- Procesamiento: 2025-07-02 22:05:24 ----

---- Procesamiento: 2025-07-02 22:05:24 ----

---- Procesamiento: 2025-07-02 22:05:24 ----

---- Procesamiento: 2025-07-02 22:05:25 ----

---- Procesamiento: 2025-07-02 22:05:25 ----

---- Procesamiento: 2025-07-02 22:05:25 ----

---- Procesamiento: 2025-07-02 22:05:25 ----

---- Procesamiento: 2025-07-02 22:05:25 ----

---- Procesamiento: 2025-07-02 22:05:26 ----

---- Procesamiento: 2025-07-02 22:05:26 ----

---- Procesamiento: 2025-07-02 22:05:26 ----

---- Procesamiento: 2025-07-02 22:05:26 ----

---- Procesamiento: 2025-07-02 22:05:26 ----

---- Procesamiento: 2025-07-02 22:05:27 ----

---- Procesamiento: 2025-07-02 22:05:27 ----

---- Procesamiento: 2025-07-02 22:05:27 ----

---- Procesamiento: 2025-07-02 22:05:27 ----

---- Procesamiento: 2025-07-02 22:05:27 ----

---- Procesamiento: 2025-07-02 22:05:28 ----

---- Procesamiento: 2025-07-02 22:05:28 ----

---- Procesamiento: 2025-07-02 22:05:28 ----

---- Procesamiento: 2025-07-02 22:05:28 ----

---- Procesamiento: 2025-07-02 22:05:28 ----

---- Procesamiento: 2025-07-02 22:05:29 ----

---- Procesamiento: 2025-07-02 22:05:29 ----

---- Procesamiento: 2025-07-02 22:05:29 ----

---- Procesamiento: 2025-07-02 22:05:29 ----

---- Procesamiento: 2025-07-02 22:05:29 ----

---- Procesamiento: 2025-07-02 22:05:30 ----

---- Procesamiento: 2025-07-02 22:05:30 ----

---- Procesamiento: 2025-07-02 22:05:30 ----

---- Procesamiento: 2025-07-02 22:05:30 ----

---- Procesamiento: 2025-07-02 22:05:30 ----

---- Procesamiento: 2025-07-02 22:05:31 ----

---- Procesamiento: 2025-07-02 22:05:31 ----

---- Procesamiento: 2025-07-02 22:05:31 ----

---- Procesamiento: 2025-07-02 22:05:31 ----

---- Procesamiento: 2025-07-02 22:05:31 ----

---- Procesamiento: 2025-07-02 22:05:32 ----

---- Procesamiento: 2025-07-02 22:05:32 ----

---- Procesamiento: 2025-07-02 22:05:32 ----

---- Procesamiento: 2025-07-02 22:05:32 ----

---- Procesamiento: 2025-07-02 22:05:32 ----

---- Procesamiento: 2025-07-02 22:05:33 ----

---- Procesamiento: 2025-07-02 22:05:33 ----

---- Procesamiento: 2025-07-02 22:05:33 ----

---- Procesamiento: 2025-07-02 22:05:33 ----

---- Procesamiento: 2025-07-02 22:05:33 ----

---- Procesamiento: 2025-07-02 22:05:34 ----

---- Procesamiento: 2025-07-02 22:05:34 ----

---- Procesamiento: 2025-07-02 22:05:34 ----

---- Procesamiento: 2025-07-02 22:05:34 ----

---- Procesamiento: 2025-07-02 22:05:34 ----

---- Procesamiento: 2025-07-02 22:05:35 ----

---- Procesamiento: 2025-07-02 22:05:35 ----

---- Procesamiento: 2025-07-02 22:05:35 ----

---- Procesamiento: 2025-07-02 22:05:35 ----

---- Procesamiento: 2025-07-02 22:05:35 ----

---- Procesamiento: 2025-07-02 22:05:36 ----

---- Procesamiento: 2025-07-02 22:05:36 ----

---- Procesamiento: 2025-07-02 22:05:36 ----

---- Procesamiento: 2025-07-02 22:05:36 ----

---- Procesamiento: 2025-07-02 22:05:36 ----

---- Procesamiento: 2025-07-02 22:05:37 ----

---- Procesamiento: 2025-07-02 22:05:37 ----

---- Procesamiento: 2025-07-02 22:05:37 ----

---- Procesamiento: 2025-07-02 22:05:37 ----

---- Procesamiento: 2025-07-02 22:05:37 ----

---- Procesamiento: 2025-07-02 22:05:38 ----

---- Procesamiento: 2025-07-02 22:05:38 ----

---- Procesamiento: 2025-07-02 22:05:38 ----

---- Procesamiento: 2025-07-02 22:05:38 ----

---- Procesamiento: 2025-07-02 22:05:38 ----

---- Procesamiento: 2025-07-02 22:05:39 ----

---- Procesamiento: 2025-07-02 22:05:39 ----

---- Procesamiento: 2025-07-02 22:05:39 ----

---- Procesamiento: 2025-07-02 22:05:39 ----

---- Procesamiento: 2025-07-02 22:05:39 ----

---- Procesamiento: 2025-07-02 22:05:40 ----

---- Procesamiento: 2025-07-02 22:05:40 ----

---- Procesamiento: 2025-07-02 22:05:40 ----

---- Procesamiento: 2025-07-02 22:05:40 ----

---- Procesamiento: 2025-07-02 22:05:40 ----

---- Procesamiento: 2025-07-02 22:05:41 ----

---- Procesamiento: 2025-07-02 22:05:41 ----

---- Procesamiento: 2025-07-02 22:05:41 ----

---- Procesamiento: 2025-07-02 22:05:41 ----

---- Procesamiento: 2025-07-02 22:05:41 ----

---- Procesamiento: 2025-07-02 22:05:42 ----

---- Procesamiento: 2025-07-02 22:05:42 ----

---- Procesamiento: 2025-07-02 22:05:42 ----

---- Procesamiento: 2025-07-02 22:05:42 ----

---- Procesamiento: 2025-07-02 22:05:42 ----

---- Procesamiento: 2025-07-02 22:05:43 ----

---- Procesamiento: 2025-07-02 22:05:43 ----

---- Procesamiento: 2025-07-02 22:05:43 ----

---- Procesamiento: 2025-07-02 22:05:43 ----

---- Procesamiento: 2025-07-02 22:05:43 ----

---- Procesamiento: 2025-07-02 22:05:44 ----

---- Procesamiento: 2025-07-02 22:05:44 ----

---- Procesamiento: 2025-07-02 22:05:44 ----

---- Procesamiento: 2025-07-02 22:05:44 ----

---- Procesamiento: 2025-07-02 22:05:44 ----

---- Procesamiento: 2025-07-02 22:05:45 ----

---- Procesamiento: 2025-07-02 22:05:45 ----

---- Procesamiento: 2025-07-02 22:05:45 ----

---- Procesamiento: 2025-07-02 22:05:45 ----

---- Procesamiento: 2025-07-02 22:05:45 ----

---- Procesamiento: 2025-07-02 22:05:46 ----

---- Procesamiento: 2025-07-02 22:05:46 ----

---- Procesamiento: 2025-07-02 22:05:46 ----

---- Procesamiento: 2025-07-02 22:05:46 ----

---- Procesamiento: 2025-07-02 22:05:46 ----

---- Procesamiento: 2025-07-02 22:05:47 ----

---- Procesamiento: 2025-07-02 22:05:47 ----

---- Procesamiento: 2025-07-02 22:05:47 ----

---- Procesamiento: 2025-07-02 22:05:47 ----

---- Procesamiento: 2025-07-02 22:05:47 ----

---- Procesamiento: 2025-07-02 22:05:48 ----

---- Procesamiento: 2025-07-02 22:05:48 ----

---- Procesamiento: 2025-07-02 22:05:48 ----

---- Procesamiento: 2025-07-02 22:05:48 ----

---- Procesamiento: 2025-07-02 22:05:48 ----

---- Procesamiento: 2025-07-02 22:05:49 ----

---- Procesamiento: 2025-07-02 22:05:49 ----

---- Procesamiento: 2025-07-02 22:05:49 ----

---- Procesamiento: 2025-07-02 22:05:49 ----

---- Procesamiento: 2025-07-02 22:05:49 ----

---- Procesamiento: 2025-07-02 22:05:50 ----

---- Procesamiento: 2025-07-02 22:05:50 ----

---- Procesamiento: 2025-07-02 22:05:50 ----

---- Procesamiento: 2025-07-02 22:05:50 ----

---- Procesamiento: 2025-07-02 22:05:50 ----

---- Procesamiento: 2025-07-02 22:05:51 ----

---- Procesamiento: 2025-07-02 22:05:51 ----

---- Procesamiento: 2025-07-02 22:05:51 ----

---- Procesamiento: 2025-07-02 22:05:51 ----

---- Procesamiento: 2025-07-02 22:05:51 ----

---- Procesamiento: 2025-07-02 22:05:52 ----

---- Procesamiento: 2025-07-02 22:05:52 ----

---- Procesamiento: 2025-07-02 22:05:52 ----

---- Procesamiento: 2025-07-02 22:05:52 ----

---- Procesamiento: 2025-07-02 22:05:52 ----

---- Procesamiento: 2025-07-02 22:05:53 ----

---- Procesamiento: 2025-07-02 22:05:53 ----

---- Procesamiento: 2025-07-02 22:05:53 ----

---- Procesamiento: 2025-07-02 22:05:53 ----

---- Procesamiento: 2025-07-02 22:05:53 ----

---- Procesamiento: 2025-07-02 22:05:54 ----

---- Procesamiento: 2025-07-02 22:05:54 ----

---- Procesamiento: 2025-07-02 22:05:54 ----

---- Procesamiento: 2025-07-02 22:05:54 ----

---- Procesamiento: 2025-07-02 22:05:54 ----

---- Procesamiento: 2025-07-02 22:05:55 ----

---- Procesamiento: 2025-07-02 22:05:55 ----

---- Procesamiento: 2025-07-02 22:05:55 ----

---- Procesamiento: 2025-07-02 22:05:55 ----

---- Procesamiento: 2025-07-02 22:05:55 ----

---- Procesamiento: 2025-07-02 22:05:56 ----

---- Procesamiento: 2025-07-02 22:05:56 ----

---- Procesamiento: 2025-07-02 22:05:56 ----

---- Procesamiento: 2025-07-02 22:05:56 ----

---- Procesamiento: 2025-07-02 22:05:56 ----

---- Procesamiento: 2025-07-02 22:05:57 ----

---- Procesamiento: 2025-07-02 22:05:57 ----

---- Procesamiento: 2025-07-02 22:05:57 ----

---- Procesamiento: 2025-07-02 22:05:57 ----

---- Procesamiento: 2025-07-02 22:05:57 ----

---- Procesamiento: 2025-07-02 22:05:58 ----

---- Procesamiento: 2025-07-02 22:05:58 ----

---- Procesamiento: 2025-07-02 22:05:58 ----

---- Procesamiento: 2025-07-02 22:05:58 ----

---- Procesamiento: 2025-07-02 22:05:58 ----

---- Procesamiento: 2025-07-02 22:05:59 ----

---- Procesamiento: 2025-07-02 22:05:59 ----

---- Procesamiento: 2025-07-02 22:05:59 ----

---- Procesamiento: 2025-07-02 22:05:59 ----

---- Procesamiento: 2025-07-02 22:05:59 ----

---- Procesamiento: 2025-07-02 22:06:00 ----

---- Procesamiento: 2025-07-02 22:06:00 ----

---- Procesamiento: 2025-07-02 22:06:00 ----

---- Procesamiento: 2025-07-02 22:06:00 ----

---- Procesamiento: 2025-07-02 22:06:00 ----

---- Procesamiento: 2025-07-02 22:06:01 ----

---- Procesamiento: 2025-07-02 22:06:01 ----

---- Procesamiento: 2025-07-02 22:06:01 ----

---- Procesamiento: 2025-07-02 22:06:01 ----

---- Procesamiento: 2025-07-02 22:06:01 ----

---- Procesamiento: 2025-07-02 22:06:02 ----

---- Procesamiento: 2025-07-02 22:06:02 ----

---- Procesamiento: 2025-07-02 22:06:02 ----

---- Procesamiento: 2025-07-02 22:06:02 ----

---- Procesamiento: 2025-07-02 22:06:02 ----

---- Procesamiento: 2025-07-02 22:06:03 ----

---- Procesamiento: 2025-07-02 22:06:03 ----

---- Procesamiento: 2025-07-02 22:06:03 ----

---- Procesamiento: 2025-07-02 22:06:03 ----

---- Procesamiento: 2025-07-02 22:06:03 ----

---- Procesamiento: 2025-07-02 22:06:04 ----

---- Procesamiento: 2025-07-02 22:06:04 ----

---- Procesamiento: 2025-07-02 22:06:04 ----

---- Procesamiento: 2025-07-02 22:06:04 ----

---- Procesamiento: 2025-07-02 22:06:04 ----

---- Procesamiento: 2025-07-02 22:06:05 ----

---- Procesamiento: 2025-07-02 22:06:05 ----

---- Procesamiento: 2025-07-02 22:06:05 ----

---- Procesamiento: 2025-07-02 22:07:24 ----

---- Procesamiento: 2025-07-02 22:07:24 ----

---- Procesamiento: 2025-07-02 22:07:24 ----

---- Procesamiento: 2025-07-02 22:07:25 ----

---- Procesamiento: 2025-07-02 22:07:25 ----

---- Procesamiento: 2025-07-02 22:07:25 ----

---- Procesamiento: 2025-07-02 22:07:25 ----

---- Procesamiento: 2025-07-02 22:07:25 ----

---- Procesamiento: 2025-07-02 22:07:26 ----

---- Procesamiento: 2025-07-02 22:07:26 ----

---- Procesamiento: 2025-07-02 22:07:26 ----

---- Procesamiento: 2025-07-02 22:07:26 ----

---- Procesamiento: 2025-07-02 22:07:26 ----

---- Procesamiento: 2025-07-02 22:07:27 ----

---- Procesamiento: 2025-07-02 22:07:27 ----

---- Procesamiento: 2025-07-02 22:07:27 ----

---- Procesamiento: 2025-07-02 22:07:27 ----

---- Procesamiento: 2025-07-02 22:07:27 ----

---- Procesamiento: 2025-07-02 22:07:28 ----

---- Procesamiento: 2025-07-02 22:07:28 ----

---- Procesamiento: 2025-07-02 22:07:28 ----

---- Procesamiento: 2025-07-02 22:07:28 ----

---- Procesamiento: 2025-07-02 22:07:28 ----

---- Procesamiento: 2025-07-02 22:07:29 ----

---- Procesamiento: 2025-07-02 22:07:29 ----

---- Procesamiento: 2025-07-02 22:07:29 ----

---- Procesamiento: 2025-07-02 22:07:29 ----

---- Procesamiento: 2025-07-02 22:07:29 ----

---- Procesamiento: 2025-07-02 22:07:30 ----

---- Procesamiento: 2025-07-02 22:07:30 ----

---- Procesamiento: 2025-07-02 22:07:30 ----

---- Procesamiento: 2025-07-02 22:07:30 ----

---- Procesamiento: 2025-07-02 22:07:30 ----

---- Procesamiento: 2025-07-02 22:07:31 ----

---- Procesamiento: 2025-07-02 22:07:31 ----

---- Procesamiento: 2025-07-02 22:07:31 ----

---- Procesamiento: 2025-07-02 22:07:31 ----

---- Procesamiento: 2025-07-02 22:07:31 ----

---- Procesamiento: 2025-07-02 22:07:32 ----

---- Procesamiento: 2025-07-02 22:07:32 ----

---- Procesamiento: 2025-07-02 22:07:32 ----

---- Procesamiento: 2025-07-02 22:07:32 ----

---- Procesamiento: 2025-07-02 22:07:32 ----

---- Procesamiento: 2025-07-02 22:07:33 ----

---- Procesamiento: 2025-07-02 22:07:33 ----

---- Procesamiento: 2025-07-02 22:07:33 ----

---- Procesamiento: 2025-07-02 22:07:33 ----

---- Procesamiento: 2025-07-02 22:07:33 ----

---- Procesamiento: 2025-07-02 22:07:34 ----

---- Procesamiento: 2025-07-02 22:07:34 ----

---- Procesamiento: 2025-07-02 22:07:34 ----

---- Procesamiento: 2025-07-02 22:07:34 ----

---- Procesamiento: 2025-07-02 22:07:34 ----

---- Procesamiento: 2025-07-02 22:07:35 ----

---- Procesamiento: 2025-07-02 22:07:35 ----

---- Procesamiento: 2025-07-02 22:07:35 ----

---- Procesamiento: 2025-07-02 22:07:35 ----

---- Procesamiento: 2025-07-02 22:07:35 ----

---- Procesamiento: 2025-07-02 22:07:36 ----

---- Procesamiento: 2025-07-02 22:07:36 ----

---- Procesamiento: 2025-07-02 22:07:36 ----

---- Procesamiento: 2025-07-02 22:07:36 ----

---- Procesamiento: 2025-07-02 22:07:36 ----

---- Procesamiento: 2025-07-02 22:07:37 ----

---- Procesamiento: 2025-07-02 22:07:37 ----

---- Procesamiento: 2025-07-02 22:07:37 ----

---- Procesamiento: 2025-07-02 22:07:37 ----

---- Procesamiento: 2025-07-02 22:07:37 ----

---- Procesamiento: 2025-07-02 22:07:38 ----

---- Procesamiento: 2025-07-02 22:07:38 ----

---- Procesamiento: 2025-07-02 22:07:38 ----

---- Procesamiento: 2025-07-02 22:07:38 ----

---- Procesamiento: 2025-07-02 22:07:38 ----

---- Procesamiento: 2025-07-02 22:07:39 ----

---- Procesamiento: 2025-07-02 22:07:39 ----

---- Procesamiento: 2025-07-02 22:07:39 ----

---- Procesamiento: 2025-07-02 22:07:39 ----

---- Procesamiento: 2025-07-02 22:07:39 ----

---- Procesamiento: 2025-07-02 22:07:40 ----

---- Procesamiento: 2025-07-02 22:07:40 ----

---- Procesamiento: 2025-07-02 22:07:40 ----

---- Procesamiento: 2025-07-02 22:07:40 ----

---- Procesamiento: 2025-07-02 22:07:40 ----

---- Procesamiento: 2025-07-02 22:07:41 ----

---- Procesamiento: 2025-07-02 22:07:41 ----

---- Procesamiento: 2025-07-02 22:07:41 ----

---- Procesamiento: 2025-07-02 22:07:41 ----

---- Procesamiento: 2025-07-02 22:07:42 ----

---- Procesamiento: 2025-07-02 22:07:42 ----

---- Procesamiento: 2025-07-02 22:07:42 ----

---- Procesamiento: 2025-07-02 22:07:42 ----

---- Procesamiento: 2025-07-02 22:07:42 ----

---- Procesamiento: 2025-07-02 22:07:43 ----

---- Procesamiento: 2025-07-02 22:07:43 ----

---- Procesamiento: 2025-07-02 22:07:43 ----

---- Procesamiento: 2025-07-02 22:07:43 ----

---- Procesamiento: 2025-07-02 22:07:43 ----

---- Procesamiento: 2025-07-02 22:07:44 ----

---- Procesamiento: 2025-07-02 22:07:44 ----

---- Procesamiento: 2025-07-02 22:07:44 ----

---- Procesamiento: 2025-07-02 22:07:44 ----

---- Procesamiento: 2025-07-02 22:07:44 ----

---- Procesamiento: 2025-07-02 22:07:45 ----

---- Procesamiento: 2025-07-02 22:07:45 ----

---- Procesamiento: 2025-07-02 22:07:45 ----

---- Procesamiento: 2025-07-02 22:07:45 ----

---- Procesamiento: 2025-07-02 22:07:45 ----

---- Procesamiento: 2025-07-02 22:07:46 ----

---- Procesamiento: 2025-07-02 22:07:46 ----

---- Procesamiento: 2025-07-02 22:07:46 ----

---- Procesamiento: 2025-07-02 22:07:46 ----

---- Procesamiento: 2025-07-02 22:07:46 ----

---- Procesamiento: 2025-07-02 22:07:47 ----

---- Procesamiento: 2025-07-02 22:07:47 ----

---- Procesamiento: 2025-07-02 22:07:47 ----

---- Procesamiento: 2025-07-02 22:07:47 ----

---- Procesamiento: 2025-07-02 22:07:47 ----

---- Procesamiento: 2025-07-02 22:07:48 ----

---- Procesamiento: 2025-07-02 22:07:48 ----

---- Procesamiento: 2025-07-02 22:07:48 ----

---- Procesamiento: 2025-07-02 22:07:48 ----

---- Procesamiento: 2025-07-02 22:07:48 ----

---- Procesamiento: 2025-07-02 22:07:49 ----

---- Procesamiento: 2025-07-02 22:07:49 ----

---- Procesamiento: 2025-07-02 22:07:49 ----

---- Procesamiento: 2025-07-02 22:07:49 ----

---- Procesamiento: 2025-07-02 22:07:49 ----

---- Procesamiento: 2025-07-02 22:07:50 ----

---- Procesamiento: 2025-07-02 22:07:50 ----

---- Procesamiento: 2025-07-02 22:07:50 ----

---- Procesamiento: 2025-07-02 22:07:50 ----

---- Procesamiento: 2025-07-02 22:07:50 ----

---- Procesamiento: 2025-07-02 22:07:51 ----

---- Procesamiento: 2025-07-02 22:07:51 ----

---- Procesamiento: 2025-07-02 22:07:51 ----

---- Procesamiento: 2025-07-02 22:07:51 ----

---- Procesamiento: 2025-07-02 22:07:51 ----

---- Procesamiento: 2025-07-02 22:07:52 ----

---- Procesamiento: 2025-07-02 22:07:52 ----

---- Procesamiento: 2025-07-02 22:07:52 ----

---- Procesamiento: 2025-07-02 22:07:52 ----

---- Procesamiento: 2025-07-02 22:07:52 ----

---- Procesamiento: 2025-07-02 22:07:53 ----

---- Procesamiento: 2025-07-02 22:07:53 ----

---- Procesamiento: 2025-07-02 22:07:53 ----

---- Procesamiento: 2025-07-02 22:07:53 ----

---- Procesamiento: 2025-07-02 22:07:53 ----

---- Procesamiento: 2025-07-02 22:07:54 ----

---- Procesamiento: 2025-07-02 22:07:54 ----

---- Procesamiento: 2025-07-02 22:07:54 ----

---- Procesamiento: 2025-07-02 22:07:54 ----

---- Procesamiento: 2025-07-02 22:07:54 ----

---- Procesamiento: 2025-07-02 22:07:55 ----

---- Procesamiento: 2025-07-02 22:07:55 ----

---- Procesamiento: 2025-07-02 22:07:55 ----

---- Procesamiento: 2025-07-02 22:07:55 ----

---- Procesamiento: 2025-07-02 22:07:55 ----

---- Procesamiento: 2025-07-02 22:07:56 ----

---- Procesamiento: 2025-07-02 22:07:56 ----

---- Procesamiento: 2025-07-02 22:07:56 ----

---- Procesamiento: 2025-07-02 22:07:56 ----

---- Procesamiento: 2025-07-02 22:07:56 ----

---- Procesamiento: 2025-07-02 22:07:57 ----

---- Procesamiento: 2025-07-02 22:07:57 ----

---- Procesamiento: 2025-07-02 22:07:57 ----

---- Procesamiento: 2025-07-02 22:07:57 ----

---- Procesamiento: 2025-07-02 22:07:57 ----

---- Procesamiento: 2025-07-02 22:07:58 ----

---- Procesamiento: 2025-07-02 22:07:58 ----

---- Procesamiento: 2025-07-02 22:07:58 ----

---- Procesamiento: 2025-07-02 22:07:58 ----

---- Procesamiento: 2025-07-02 22:07:58 ----

---- Procesamiento: 2025-07-02 22:07:59 ----

---- Procesamiento: 2025-07-02 22:07:59 ----

---- Procesamiento: 2025-07-02 22:07:59 ----

---- Procesamiento: 2025-07-02 22:07:59 ----

---- Procesamiento: 2025-07-02 22:07:59 ----

---- Procesamiento: 2025-07-02 22:08:00 ----

---- Procesamiento: 2025-07-02 22:08:00 ----

---- Procesamiento: 2025-07-02 22:08:00 ----

---- Procesamiento: 2025-07-02 22:08:00 ----

---- Procesamiento: 2025-07-02 22:08:00 ----

---- Procesamiento: 2025-07-02 22:08:01 ----

---- Procesamiento: 2025-07-02 22:08:01 ----

---- Procesamiento: 2025-07-02 22:08:01 ----

---- Procesamiento: 2025-07-02 22:08:01 ----

---- Procesamiento: 2025-07-02 22:08:01 ----

---- Procesamiento: 2025-07-02 22:08:02 ----

---- Procesamiento: 2025-07-02 22:08:02 ----

---- Procesamiento: 2025-07-02 22:08:02 ----

---- Procesamiento: 2025-07-02 22:08:02 ----

---- Procesamiento: 2025-07-02 22:08:02 ----

---- Procesamiento: 2025-07-02 22:08:03 ----

---- Procesamiento: 2025-07-02 22:08:03 ----

---- Procesamiento: 2025-07-02 22:08:03 ----

---- Procesamiento: 2025-07-02 22:08:03 ----

---- Procesamiento: 2025-07-02 22:08:03 ----

---- Procesamiento: 2025-07-02 22:08:04 ----

---- Procesamiento: 2025-07-02 22:08:04 ----

---- Procesamiento: 2025-07-02 22:08:04 ----

---- Procesamiento: 2025-07-02 22:08:04 ----

---- Procesamiento: 2025-07-02 22:08:04 ----

---- Procesamiento: 2025-07-02 22:08:05 ----

---- Procesamiento: 2025-07-02 22:08:05 ----

---- Procesamiento: 2025-07-02 22:08:05 ----

---- Procesamiento: 2025-07-02 22:08:05 ----

---- Procesamiento: 2025-07-02 22:08:05 ----

---- Procesamiento: 2025-07-02 22:08:06 ----

---- Procesamiento: 2025-07-02 22:08:06 ----

---- Procesamiento: 2025-07-02 22:08:06 ----

---- Procesamiento: 2025-07-02 22:08:06 ----

---- Procesamiento: 2025-07-02 22:08:06 ----

---- Procesamiento: 2025-07-02 22:08:07 ----

---- Procesamiento: 2025-07-02 22:08:07 ----

---- Procesamiento: 2025-07-02 22:08:07 ----

---- Procesamiento: 2025-07-02 22:08:07 ----

---- Procesamiento: 2025-07-02 22:08:07 ----

---- Procesamiento: 2025-07-02 22:08:08 ----

---- Procesamiento: 2025-07-02 22:08:08 ----

---- Procesamiento: 2025-07-02 22:08:08 ----

---- Procesamiento: 2025-07-02 22:08:08 ----

---- Procesamiento: 2025-07-02 22:08:08 ----

---- Procesamiento: 2025-07-02 22:08:09 ----

---- Procesamiento: 2025-07-02 22:08:09 ----

---- Procesamiento: 2025-07-02 22:08:09 ----

---- Procesamiento: 2025-07-02 22:08:09 ----

---- Procesamiento: 2025-07-02 22:08:09 ----

---- Procesamiento: 2025-07-02 22:08:10 ----

---- Procesamiento: 2025-07-02 22:08:10 ----

---- Procesamiento: 2025-07-02 22:08:10 ----

---- Procesamiento: 2025-07-02 22:08:10 ----

---- Procesamiento: 2025-07-02 22:08:10 ----

---- Procesamiento: 2025-07-02 22:08:11 ----

---- Procesamiento: 2025-07-02 22:08:11 ----

---- Procesamiento: 2025-07-02 22:08:11 ----

---- Procesamiento: 2025-07-02 22:08:11 ----

---- Procesamiento: 2025-07-02 22:08:11 ----

---- Procesamiento: 2025-07-02 22:08:12 ----

---- Procesamiento: 2025-07-02 22:08:12 ----

---- Procesamiento: 2025-07-02 22:08:12 ----

---- Procesamiento: 2025-07-02 22:08:12 ----

---- Procesamiento: 2025-07-02 22:08:12 ----

---- Procesamiento: 2025-07-02 22:08:13 ----

---- Procesamiento: 2025-07-02 22:08:13 ----

---- Procesamiento: 2025-07-02 22:08:13 ----

---- Procesamiento: 2025-07-02 22:08:13 ----

---- Procesamiento: 2025-07-02 22:08:13 ----

---- Procesamiento: 2025-07-02 22:08:14 ----

---- Procesamiento: 2025-07-02 22:08:14 ----

---- Procesamiento: 2025-07-02 22:08:14 ----

---- Procesamiento: 2025-07-02 22:08:14 ----

---- Procesamiento: 2025-07-02 22:08:14 ----

---- Procesamiento: 2025-07-02 22:08:15 ----

---- Procesamiento: 2025-07-02 22:08:15 ----

---- Procesamiento: 2025-07-02 22:08:15 ----

---- Procesamiento: 2025-07-02 22:08:15 ----

---- Procesamiento: 2025-07-02 22:08:15 ----

---- Procesamiento: 2025-07-02 22:08:16 ----

---- Procesamiento: 2025-07-02 22:08:16 ----

---- Procesamiento: 2025-07-02 22:08:16 ----

---- Procesamiento: 2025-07-02 22:08:16 ----

---- Procesamiento: 2025-07-02 22:08:16 ----

---- Procesamiento: 2025-07-02 22:08:17 ----

---- Procesamiento: 2025-07-02 22:08:17 ----

---- Procesamiento: 2025-07-02 22:08:17 ----

---- Procesamiento: 2025-07-02 22:08:17 ----

---- Procesamiento: 2025-07-02 22:08:17 ----

---- Procesamiento: 2025-07-02 22:08:18 ----

---- Procesamiento: 2025-07-02 22:08:18 ----

---- Procesamiento: 2025-07-02 22:08:18 ----

---- Procesamiento: 2025-07-02 22:08:18 ----

---- Procesamiento: 2025-07-02 22:08:18 ----

---- Procesamiento: 2025-07-02 22:08:19 ----

---- Procesamiento: 2025-07-02 22:08:19 ----

---- Procesamiento: 2025-07-02 22:08:19 ----

---- Procesamiento: 2025-07-02 22:08:19 ----

---- Procesamiento: 2025-07-02 22:08:19 ----

---- Procesamiento: 2025-07-02 22:08:20 ----

---- Procesamiento: 2025-07-02 22:08:20 ----

---- Procesamiento: 2025-07-02 22:08:20 ----

---- Procesamiento: 2025-07-02 22:08:20 ----

---- Procesamiento: 2025-07-02 22:08:20 ----

---- Procesamiento: 2025-07-02 22:08:21 ----

---- Procesamiento: 2025-07-02 22:08:21 ----

---- Procesamiento: 2025-07-02 22:08:21 ----

---- Procesamiento: 2025-07-02 22:08:21 ----

---- Procesamiento: 2025-07-02 22:08:21 ----

---- Procesamiento: 2025-07-02 22:08:22 ----

---- Procesamiento: 2025-07-02 22:08:22 ----

---- Procesamiento: 2025-07-02 22:08:22 ----

---- Procesamiento: 2025-07-02 22:08:22 ----

---- Procesamiento: 2025-07-02 22:08:22 ----

---- Procesamiento: 2025-07-02 22:08:23 ----

---- Procesamiento: 2025-07-02 22:08:23 ----

---- Procesamiento: 2025-07-02 22:08:23 ----

---- Procesamiento: 2025-07-02 22:08:23 ----

---- Procesamiento: 2025-07-02 22:08:23 ----

---- Procesamiento: 2025-07-02 22:08:24 ----

---- Procesamiento: 2025-07-02 22:08:24 ----

---- Procesamiento: 2025-07-02 22:08:24 ----

---- Procesamiento: 2025-07-02 22:08:24 ----

---- Procesamiento: 2025-07-02 22:08:24 ----

---- Procesamiento: 2025-07-02 22:08:25 ----

---- Procesamiento: 2025-07-02 22:08:25 ----

---- Procesamiento: 2025-07-02 22:08:25 ----

---- Procesamiento: 2025-07-02 22:08:25 ----

---- Procesamiento: 2025-07-02 22:08:25 ----

---- Procesamiento: 2025-07-02 22:08:26 ----

---- Procesamiento: 2025-07-02 22:08:26 ----

---- Procesamiento: 2025-07-02 22:08:26 ----

---- Procesamiento: 2025-07-02 22:08:26 ----

---- Procesamiento: 2025-07-02 22:08:26 ----

---- Procesamiento: 2025-07-02 22:08:27 ----

---- Procesamiento: 2025-07-02 22:08:27 ----

---- Procesamiento: 2025-07-02 22:08:27 ----

---- Procesamiento: 2025-07-02 22:08:27 ----

---- Procesamiento: 2025-07-02 22:08:27 ----

---- Procesamiento: 2025-07-02 22:08:28 ----

---- Procesamiento: 2025-07-02 22:08:28 ----

---- Procesamiento: 2025-07-02 22:08:28 ----

---- Procesamiento: 2025-07-02 22:08:28 ----

---- Procesamiento: 2025-07-02 22:08:28 ----

---- Procesamiento: 2025-07-02 22:08:29 ----

---- Procesamiento: 2025-07-02 22:08:29 ----

---- Procesamiento: 2025-07-02 22:08:29 ----

---- Procesamiento: 2025-07-02 22:08:29 ----

---- Procesamiento: 2025-07-02 22:08:29 ----

---- Procesamiento: 2025-07-02 22:08:30 ----

---- Procesamiento: 2025-07-02 22:08:30 ----

---- Procesamiento: 2025-07-02 22:08:30 ----

---- Procesamiento: 2025-07-02 22:08:30 ----

---- Procesamiento: 2025-07-02 22:08:30 ----

---- Procesamiento: 2025-07-02 22:08:31 ----

---- Procesamiento: 2025-07-02 22:08:31 ----

---- Procesamiento: 2025-07-02 22:08:31 ----

---- Procesamiento: 2025-07-02 22:08:31 ----

---- Procesamiento: 2025-07-02 22:08:31 ----

---- Procesamiento: 2025-07-02 22:08:32 ----

---- Procesamiento: 2025-07-02 22:08:32 ----

---- Procesamiento: 2025-07-02 22:08:32 ----

---- Procesamiento: 2025-07-02 22:08:32 ----

---- Procesamiento: 2025-07-02 22:08:32 ----

---- Procesamiento: 2025-07-02 22:08:33 ----

---- Procesamiento: 2025-07-02 22:08:33 ----

---- Procesamiento: 2025-07-02 22:08:33 ----

---- Procesamiento: 2025-07-02 22:08:33 ----

---- Procesamiento: 2025-07-02 22:08:33 ----

---- Procesamiento: 2025-07-02 22:08:34 ----

---- Procesamiento: 2025-07-02 22:08:44 ----

---- Procesamiento: 2025-07-02 22:08:44 ----

---- Procesamiento: 2025-07-02 22:08:45 ----

---- Procesamiento: 2025-07-02 22:08:45 ----

---- Procesamiento: 2025-07-02 22:08:45 ----

---- Procesamiento: 2025-07-02 22:08:45 ----

---- Procesamiento: 2025-07-02 22:08:45 ----

---- Procesamiento: 2025-07-02 22:08:46 ----

---- Procesamiento: 2025-07-02 22:08:46 ----

---- Procesamiento: 2025-07-02 22:08:46 ----

---- Procesamiento: 2025-07-02 22:08:46 ----

---- Procesamiento: 2025-07-02 22:08:46 ----

---- Procesamiento: 2025-07-02 22:08:47 ----

---- Procesamiento: 2025-07-02 22:08:47 ----

---- Procesamiento: 2025-07-02 22:08:47 ----

---- Procesamiento: 2025-07-02 22:08:47 ----

---- Procesamiento: 2025-07-02 22:08:47 ----

---- Procesamiento: 2025-07-02 22:08:48 ----

---- Procesamiento: 2025-07-02 22:08:48 ----

---- Procesamiento: 2025-07-02 22:08:48 ----

---- Procesamiento: 2025-07-02 22:08:48 ----

---- Procesamiento: 2025-07-02 22:08:48 ----

---- Procesamiento: 2025-07-02 22:08:49 ----

---- Procesamiento: 2025-07-02 22:08:49 ----

---- Procesamiento: 2025-07-02 22:08:49 ----

---- Procesamiento: 2025-07-02 22:08:49 ----

---- Procesamiento: 2025-07-02 22:08:49 ----

---- Procesamiento: 2025-07-02 22:08:50 ----

---- Procesamiento: 2025-07-02 22:08:50 ----

---- Procesamiento: 2025-07-02 22:08:50 ----

---- Procesamiento: 2025-07-02 22:08:50 ----

---- Procesamiento: 2025-07-02 22:08:50 ----

---- Procesamiento: 2025-07-02 22:08:51 ----

---- Procesamiento: 2025-07-02 22:08:51 ----

---- Procesamiento: 2025-07-02 22:08:51 ----

---- Procesamiento: 2025-07-02 22:08:51 ----

---- Procesamiento: 2025-07-02 22:08:51 ----

---- Procesamiento: 2025-07-02 22:08:52 ----

---- Procesamiento: 2025-07-02 22:08:52 ----

---- Procesamiento: 2025-07-02 22:08:52 ----

---- Procesamiento: 2025-07-02 22:08:52 ----

---- Procesamiento: 2025-07-02 22:08:52 ----

---- Procesamiento: 2025-07-02 22:08:53 ----

---- Procesamiento: 2025-07-02 22:08:53 ----

---- Procesamiento: 2025-07-02 22:08:53 ----

---- Procesamiento: 2025-07-02 22:08:53 ----

---- Procesamiento: 2025-07-02 22:08:53 ----

---- Procesamiento: 2025-07-02 22:08:54 ----

---- Procesamiento: 2025-07-02 22:08:54 ----

---- Procesamiento: 2025-07-02 22:08:54 ----

---- Procesamiento: 2025-07-02 22:08:54 ----

---- Procesamiento: 2025-07-02 22:08:54 ----

---- Procesamiento: 2025-07-02 22:08:55 ----

---- Procesamiento: 2025-07-02 22:08:55 ----

---- Procesamiento: 2025-07-02 22:08:55 ----

---- Procesamiento: 2025-07-02 22:08:55 ----

---- Procesamiento: 2025-07-02 22:08:55 ----

---- Procesamiento: 2025-07-02 22:08:56 ----

---- Procesamiento: 2025-07-02 22:08:56 ----

---- Procesamiento: 2025-07-02 22:08:56 ----

---- Procesamiento: 2025-07-02 22:08:56 ----

---- Procesamiento: 2025-07-02 22:08:56 ----

---- Procesamiento: 2025-07-02 22:08:57 ----

---- Procesamiento: 2025-07-02 22:08:57 ----

---- Procesamiento: 2025-07-02 22:08:57 ----

---- Procesamiento: 2025-07-02 22:08:57 ----

---- Procesamiento: 2025-07-02 22:08:58 ----

---- Procesamiento: 2025-07-02 22:08:58 ----

---- Procesamiento: 2025-07-02 22:08:58 ----

---- Procesamiento: 2025-07-02 22:08:58 ----

---- Procesamiento: 2025-07-02 22:10:46 ----

---- Procesamiento: 2025-07-02 22:10:46 ----

---- Procesamiento: 2025-07-02 22:10:47 ----

---- Procesamiento: 2025-07-02 22:10:47 ----

---- Procesamiento: 2025-07-02 22:10:47 ----

---- Procesamiento: 2025-07-02 22:10:47 ----

---- Procesamiento: 2025-07-02 22:10:47 ----

---- Procesamiento: 2025-07-02 22:10:48 ----

---- Procesamiento: 2025-07-02 22:10:48 ----

---- Procesamiento: 2025-07-02 22:10:48 ----

---- Procesamiento: 2025-07-02 22:10:48 ----

---- Procesamiento: 2025-07-02 22:10:48 ----

---- Procesamiento: 2025-07-02 22:10:49 ----

---- Procesamiento: 2025-07-02 22:10:49 ----

---- Procesamiento: 2025-07-02 22:10:49 ----

---- Procesamiento: 2025-07-02 22:10:49 ----

---- Procesamiento: 2025-07-02 22:10:49 ----

---- Procesamiento: 2025-07-02 22:10:50 ----

---- Procesamiento: 2025-07-02 22:10:50 ----

---- Procesamiento: 2025-07-02 22:16:12 ----

---- Procesamiento: 2025-07-02 22:16:12 ----

---- Procesamiento: 2025-07-02 22:16:12 ----

---- Procesamiento: 2025-07-02 22:16:13 ----

---- Procesamiento: 2025-07-02 22:16:13 ----

---- Procesamiento: 2025-07-02 22:16:13 ----

---- Procesamiento: 2025-07-02 22:16:13 ----

---- Procesamiento: 2025-07-02 22:16:13 ----

---- Procesamiento: 2025-07-02 22:16:14 ----

---- Procesamiento: 2025-07-02 22:16:14 ----

---- Procesamiento: 2025-07-02 22:16:14 ----

---- Procesamiento: 2025-07-02 22:16:14 ----

---- Procesamiento: 2025-07-02 22:16:14 ----

---- Procesamiento: 2025-07-02 22:16:15 ----

---- Procesamiento: 2025-07-02 22:16:15 ----

---- Procesamiento: 2025-07-02 22:16:15 ----

---- Procesamiento: 2025-07-02 22:16:15 ----

---- Procesamiento: 2025-07-02 22:16:15 ----

---- Procesamiento: 2025-07-02 22:16:16 ----

---- Procesamiento: 2025-07-02 22:40:29 ----

---- Procesamiento: 2025-07-02 22:40:30 ----

---- Procesamiento: 2025-07-02 22:40:30 ----

---- Procesamiento: 2025-07-02 22:40:30 ----

---- Procesamiento: 2025-07-02 22:40:30 ----

---- Procesamiento: 2025-07-02 22:40:30 ----

---- Procesamiento: 2025-07-02 22:40:31 ----

---- Procesamiento: 2025-07-02 22:40:31 ----

---- Procesamiento: 2025-07-02 22:40:31 ----

---- Procesamiento: 2025-07-02 22:40:31 ----

---- Procesamiento: 2025-07-02 22:40:31 ----

---- Procesamiento: 2025-07-02 22:40:32 ----

---- Procesamiento: 2025-07-02 22:40:32 ----

---- Procesamiento: 2025-07-02 22:40:32 ----

---- Procesamiento: 2025-07-02 22:40:32 ----

---- Procesamiento: 2025-07-02 22:40:32 ----

---- Procesamiento: 2025-07-02 22:40:33 ----

---- Procesamiento: 2025-07-02 22:40:33 ----

---- Procesamiento: 2025-07-02 22:40:33 ----

---- Procesamiento: 2025-07-02 22:40:33 ----

---- Procesamiento: 2025-07-02 22:40:33 ----

---- Procesamiento: 2025-07-02 22:40:34 ----

---- Procesamiento: 2025-07-02 22:40:34 ----

---- Procesamiento: 2025-07-02 22:40:34 ----

---- Procesamiento: 2025-07-02 22:40:34 ----

---- Procesamiento: 2025-07-02 22:40:34 ----

---- Procesamiento: 2025-07-02 22:40:35 ----

---- Procesamiento: 2025-07-02 22:40:35 ----

---- Procesamiento: 2025-07-02 22:40:35 ----

---- Procesamiento: 2025-07-02 22:40:35 ----

---- Procesamiento: 2025-07-02 22:40:35 ----

---- Procesamiento: 2025-07-02 22:40:36 ----

---- Procesamiento: 2025-07-02 22:40:36 ----

---- Procesamiento: 2025-07-02 22:40:36 ----

---- Procesamiento: 2025-07-02 22:40:36 ----

---- Procesamiento: 2025-07-02 22:40:36 ----

---- Procesamiento: 2025-07-02 22:40:37 ----

---- Procesamiento: 2025-07-02 22:40:37 ----

---- Procesamiento: 2025-07-02 22:40:37 ----

---- Procesamiento: 2025-07-02 22:40:37 ----

---- Procesamiento: 2025-07-02 22:40:37 ----

---- Procesamiento: 2025-07-02 22:40:38 ----

---- Procesamiento: 2025-07-02 22:40:38 ----

---- Procesamiento: 2025-07-02 22:40:38 ----

---- Procesamiento: 2025-07-02 22:40:38 ----

---- Procesamiento: 2025-07-02 22:40:38 ----

---- Procesamiento: 2025-07-02 22:40:39 ----

---- Procesamiento: 2025-07-02 22:40:39 ----

---- Procesamiento: 2025-07-02 22:40:39 ----

---- Procesamiento: 2025-07-02 22:40:39 ----

---- Procesamiento: 2025-07-02 22:40:39 ----

---- Procesamiento: 2025-07-02 22:40:40 ----

---- Procesamiento: 2025-07-02 22:40:40 ----

---- Procesamiento: 2025-07-02 22:40:40 ----

---- Procesamiento: 2025-07-02 22:40:40 ----

---- Procesamiento: 2025-07-02 22:40:40 ----

---- Procesamiento: 2025-07-02 22:40:41 ----

---- Procesamiento: 2025-07-02 22:40:41 ----

---- Procesamiento: 2025-07-02 22:40:41 ----

---- Procesamiento: 2025-07-02 22:40:41 ----

---- Procesamiento: 2025-07-02 22:40:41 ----

---- Procesamiento: 2025-07-02 22:40:42 ----

---- Procesamiento: 2025-07-02 22:40:42 ----

---- Procesamiento: 2025-07-02 22:40:42 ----

---- Procesamiento: 2025-07-02 22:40:42 ----

---- Procesamiento: 2025-07-02 22:40:42 ----

---- Procesamiento: 2025-07-02 22:40:43 ----

---- Procesamiento: 2025-07-02 22:40:43 ----

---- Procesamiento: 2025-07-02 22:40:43 ----

---- Procesamiento: 2025-07-02 22:40:43 ----

---- Procesamiento: 2025-07-02 22:40:43 ----

---- Procesamiento: 2025-07-02 22:40:44 ----

---- Procesamiento: 2025-07-02 22:40:44 ----

---- Procesamiento: 2025-07-02 22:40:44 ----

---- Procesamiento: 2025-07-02 22:40:44 ----

---- Procesamiento: 2025-07-02 22:40:44 ----

---- Procesamiento: 2025-07-02 22:40:45 ----

---- Procesamiento: 2025-07-02 22:40:45 ----

---- Procesamiento: 2025-07-02 22:40:45 ----

---- Procesamiento: 2025-07-02 22:40:45 ----

---- Procesamiento: 2025-07-02 22:40:45 ----

---- Procesamiento: 2025-07-02 22:40:46 ----

---- Procesamiento: 2025-07-02 22:40:46 ----

---- Procesamiento: 2025-07-02 22:40:46 ----

---- Procesamiento: 2025-07-02 22:40:46 ----

---- Procesamiento: 2025-07-02 22:40:46 ----

---- Procesamiento: 2025-07-02 22:40:47 ----

---- Procesamiento: 2025-07-02 22:40:47 ----

---- Procesamiento: 2025-07-02 22:40:47 ----

---- Procesamiento: 2025-07-02 22:40:47 ----

---- Procesamiento: 2025-07-02 22:40:47 ----

---- Procesamiento: 2025-07-02 22:40:48 ----

---- Procesamiento: 2025-07-02 22:40:48 ----

---- Procesamiento: 2025-07-02 22:40:48 ----

---- Procesamiento: 2025-07-02 22:40:48 ----

---- Procesamiento: 2025-07-02 22:40:48 ----

---- Procesamiento: 2025-07-02 22:40:49 ----

---- Procesamiento: 2025-07-02 22:40:49 ----

---- Procesamiento: 2025-07-02 22:40:49 ----

---- Procesamiento: 2025-07-02 22:40:49 ----

---- Procesamiento: 2025-07-02 22:40:49 ----

---- Procesamiento: 2025-07-02 22:40:50 ----

---- Procesamiento: 2025-07-02 22:40:50 ----

---- Procesamiento: 2025-07-02 22:40:50 ----

---- Procesamiento: 2025-07-02 22:40:50 ----

---- Procesamiento: 2025-07-02 22:40:50 ----

---- Procesamiento: 2025-07-02 22:40:51 ----

---- Procesamiento: 2025-07-02 22:40:51 ----

---- Procesamiento: 2025-07-02 22:40:51 ----

---- Procesamiento: 2025-07-02 22:40:51 ----

---- Procesamiento: 2025-07-02 22:40:51 ----

---- Procesamiento: 2025-07-02 22:40:52 ----

---- Procesamiento: 2025-07-02 22:40:52 ----

---- Procesamiento: 2025-07-02 22:40:52 ----

---- Procesamiento: 2025-07-02 22:40:52 ----

---- Procesamiento: 2025-07-02 22:40:52 ----

---- Procesamiento: 2025-07-02 22:40:53 ----

---- Procesamiento: 2025-07-02 22:40:53 ----

---- Procesamiento: 2025-07-02 22:40:53 ----

---- Procesamiento: 2025-07-02 22:40:53 ----

---- Procesamiento: 2025-07-02 22:40:53 ----

---- Procesamiento: 2025-07-02 22:40:54 ----

---- Procesamiento: 2025-07-02 22:40:54 ----

---- Procesamiento: 2025-07-02 22:40:54 ----

---- Procesamiento: 2025-07-02 22:40:54 ----

---- Procesamiento: 2025-07-02 22:40:54 ----

---- Procesamiento: 2025-07-02 22:40:55 ----

---- Procesamiento: 2025-07-02 22:40:55 ----

---- Procesamiento: 2025-07-02 22:40:55 ----

---- Procesamiento: 2025-07-02 22:40:55 ----

---- Procesamiento: 2025-07-02 22:40:55 ----

---- Procesamiento: 2025-07-02 22:40:56 ----

---- Procesamiento: 2025-07-02 22:40:56 ----

---- Procesamiento: 2025-07-02 22:40:56 ----

---- Procesamiento: 2025-07-02 22:40:56 ----

---- Procesamiento: 2025-07-02 22:40:56 ----

---- Procesamiento: 2025-07-02 22:40:57 ----

---- Procesamiento: 2025-07-02 22:40:57 ----

---- Procesamiento: 2025-07-02 22:40:57 ----

---- Procesamiento: 2025-07-02 22:40:57 ----

---- Procesamiento: 2025-07-02 22:40:57 ----

---- Procesamiento: 2025-07-02 22:40:58 ----

---- Procesamiento: 2025-07-02 22:40:58 ----

---- Procesamiento: 2025-07-02 22:40:58 ----

---- Procesamiento: 2025-07-02 22:40:58 ----

---- Procesamiento: 2025-07-02 22:40:58 ----

---- Procesamiento: 2025-07-02 22:40:59 ----

---- Procesamiento: 2025-07-02 22:40:59 ----

---- Procesamiento: 2025-07-02 22:40:59 ----

---- Procesamiento: 2025-07-02 22:40:59 ----

---- Procesamiento: 2025-07-02 22:40:59 ----

---- Procesamiento: 2025-07-02 22:41:00 ----

---- Procesamiento: 2025-07-02 22:41:00 ----

---- Procesamiento: 2025-07-02 22:41:00 ----

---- Procesamiento: 2025-07-02 22:41:00 ----

---- Procesamiento: 2025-07-02 22:41:00 ----

---- Procesamiento: 2025-07-02 22:41:01 ----

---- Procesamiento: 2025-07-02 22:41:01 ----

---- Procesamiento: 2025-07-02 22:41:01 ----

---- Procesamiento: 2025-07-02 22:41:01 ----

---- Procesamiento: 2025-07-02 22:41:01 ----

---- Procesamiento: 2025-07-02 22:41:02 ----

---- Procesamiento: 2025-07-02 22:41:02 ----

---- Procesamiento: 2025-07-02 22:41:02 ----

---- Procesamiento: 2025-07-02 22:41:02 ----

---- Procesamiento: 2025-07-02 22:41:02 ----

---- Procesamiento: 2025-07-02 22:41:03 ----

---- Procesamiento: 2025-07-02 22:41:03 ----

---- Procesamiento: 2025-07-02 22:41:03 ----

---- Procesamiento: 2025-07-02 22:41:03 ----

---- Procesamiento: 2025-07-02 22:41:03 ----

---- Procesamiento: 2025-07-02 22:41:04 ----

---- Procesamiento: 2025-07-02 22:41:04 ----

---- Procesamiento: 2025-07-02 22:41:04 ----

---- Procesamiento: 2025-07-02 22:41:04 ----

---- Procesamiento: 2025-07-02 22:41:04 ----

---- Procesamiento: 2025-07-02 22:41:05 ----

---- Procesamiento: 2025-07-02 22:41:05 ----

---- Procesamiento: 2025-07-02 22:41:05 ----

---- Procesamiento: 2025-07-02 22:41:05 ----

---- Procesamiento: 2025-07-02 22:41:05 ----

---- Procesamiento: 2025-07-02 22:41:06 ----

---- Procesamiento: 2025-07-02 22:41:06 ----

---- Procesamiento: 2025-07-02 22:41:06 ----

---- Procesamiento: 2025-07-02 22:41:06 ----

---- Procesamiento: 2025-07-02 22:41:06 ----

---- Procesamiento: 2025-07-02 22:41:07 ----

---- Procesamiento: 2025-07-02 22:41:07 ----

---- Procesamiento: 2025-07-02 22:41:07 ----

---- Procesamiento: 2025-07-02 22:41:07 ----

---- Procesamiento: 2025-07-02 22:41:07 ----

---- Procesamiento: 2025-07-02 22:41:08 ----

---- Procesamiento: 2025-07-02 22:41:08 ----

---- Procesamiento: 2025-07-02 22:41:08 ----

---- Procesamiento: 2025-07-02 22:41:08 ----

---- Procesamiento: 2025-07-02 22:41:08 ----

---- Procesamiento: 2025-07-02 22:41:09 ----

---- Procesamiento: 2025-07-02 22:41:09 ----

---- Procesamiento: 2025-07-02 22:41:09 ----

---- Procesamiento: 2025-07-02 22:41:09 ----

---- Procesamiento: 2025-07-02 22:41:09 ----

---- Procesamiento: 2025-07-02 22:41:10 ----

---- Procesamiento: 2025-07-02 22:41:10 ----

---- Procesamiento: 2025-07-02 22:41:10 ----

---- Procesamiento: 2025-07-02 22:41:10 ----

---- Procesamiento: 2025-07-02 22:41:10 ----

---- Procesamiento: 2025-07-02 22:41:11 ----

---- Procesamiento: 2025-07-02 22:41:11 ----

---- Procesamiento: 2025-07-02 22:41:11 ----

---- Procesamiento: 2025-07-02 22:41:11 ----

---- Procesamiento: 2025-07-02 22:41:12 ----

---- Procesamiento: 2025-07-02 22:41:12 ----

---- Procesamiento: 2025-07-02 22:41:12 ----

---- Procesamiento: 2025-07-02 22:41:12 ----

---- Procesamiento: 2025-07-02 22:41:12 ----

---- Procesamiento: 2025-07-02 22:41:13 ----

---- Procesamiento: 2025-07-02 22:41:13 ----

---- Procesamiento: 2025-07-02 22:41:13 ----

---- Procesamiento: 2025-07-02 22:41:13 ----

---- Procesamiento: 2025-07-02 22:41:13 ----

---- Procesamiento: 2025-07-02 22:41:14 ----

---- Procesamiento: 2025-07-02 22:41:14 ----

---- Procesamiento: 2025-07-02 22:41:14 ----

---- Procesamiento: 2025-07-02 22:41:14 ----

---- Procesamiento: 2025-07-02 22:41:14 ----

---- Procesamiento: 2025-07-02 22:41:15 ----

---- Procesamiento: 2025-07-02 22:41:15 ----

---- Procesamiento: 2025-07-02 22:41:15 ----

---- Procesamiento: 2025-07-02 22:41:15 ----

---- Procesamiento: 2025-07-02 22:41:15 ----

---- Procesamiento: 2025-07-02 22:41:16 ----

---- Procesamiento: 2025-07-02 22:41:16 ----

---- Procesamiento: 2025-07-02 22:41:16 ----

---- Procesamiento: 2025-07-02 22:41:16 ----

---- Procesamiento: 2025-07-02 22:41:16 ----

---- Procesamiento: 2025-07-02 22:41:17 ----

---- Procesamiento: 2025-07-02 22:41:17 ----

---- Procesamiento: 2025-07-02 22:41:17 ----

---- Procesamiento: 2025-07-02 22:41:17 ----

---- Procesamiento: 2025-07-02 22:41:17 ----

---- Procesamiento: 2025-07-02 22:41:18 ----

---- Procesamiento: 2025-07-02 22:43:31 ----

---- Procesamiento: 2025-07-02 22:43:31 ----

---- Procesamiento: 2025-07-02 22:43:31 ----

---- Procesamiento: 2025-07-02 22:43:31 ----

---- Procesamiento: 2025-07-02 22:43:31 ----

---- Procesamiento: 2025-07-02 22:43:32 ----

---- Procesamiento: 2025-07-02 22:43:32 ----

---- Procesamiento: 2025-07-02 22:43:32 ----

---- Procesamiento: 2025-07-02 22:43:32 ----

---- Procesamiento: 2025-07-02 22:43:32 ----

---- Procesamiento: 2025-07-02 22:43:33 ----

---- Procesamiento: 2025-07-02 22:43:33 ----

---- Procesamiento: 2025-07-02 22:43:33 ----

---- Procesamiento: 2025-07-02 22:43:33 ----

---- Procesamiento: 2025-07-02 22:43:33 ----

---- Procesamiento: 2025-07-02 22:43:34 ----

---- Procesamiento: 2025-07-02 22:43:34 ----

---- Procesamiento: 2025-07-02 22:43:34 ----

---- Procesamiento: 2025-07-02 22:43:34 ----

---- Procesamiento: 2025-07-02 22:43:34 ----

---- Procesamiento: 2025-07-02 22:43:35 ----

---- Procesamiento: 2025-07-02 22:43:35 ----

---- Procesamiento: 2025-07-02 22:43:35 ----

---- Procesamiento: 2025-07-02 22:43:35 ----

---- Procesamiento: 2025-07-02 22:43:35 ----

---- Procesamiento: 2025-07-02 22:43:36 ----

---- Procesamiento: 2025-07-02 22:43:36 ----

---- Procesamiento: 2025-07-02 22:43:36 ----

---- Procesamiento: 2025-07-02 22:43:36 ----

---- Procesamiento: 2025-07-02 22:43:36 ----

---- Procesamiento: 2025-07-02 22:43:37 ----

---- Procesamiento: 2025-07-02 22:43:37 ----

---- Procesamiento: 2025-07-02 22:43:37 ----

---- Procesamiento: 2025-07-02 22:43:37 ----

---- Procesamiento: 2025-07-02 22:43:37 ----

---- Procesamiento: 2025-07-02 22:43:38 ----

---- Procesamiento: 2025-07-02 22:43:38 ----

---- Procesamiento: 2025-07-02 22:43:38 ----

---- Procesamiento: 2025-07-02 22:43:38 ----

---- Procesamiento: 2025-07-02 22:43:38 ----

---- Procesamiento: 2025-07-02 22:43:39 ----

---- Procesamiento: 2025-07-02 22:43:39 ----

---- Procesamiento: 2025-07-02 22:43:39 ----

---- Procesamiento: 2025-07-02 22:43:39 ----

---- Procesamiento: 2025-07-02 22:43:39 ----

---- Procesamiento: 2025-07-02 22:43:40 ----

---- Procesamiento: 2025-07-02 22:43:40 ----

---- Procesamiento: 2025-07-02 22:43:40 ----

---- Procesamiento: 2025-07-02 22:43:40 ----

---- Procesamiento: 2025-07-02 22:43:40 ----

---- Procesamiento: 2025-07-02 22:43:41 ----

---- Procesamiento: 2025-07-02 22:43:41 ----

---- Procesamiento: 2025-07-02 22:43:41 ----

---- Procesamiento: 2025-07-02 22:43:41 ----

---- Procesamiento: 2025-07-02 22:43:41 ----

---- Procesamiento: 2025-07-02 22:43:42 ----

---- Procesamiento: 2025-07-02 22:43:42 ----

---- Procesamiento: 2025-07-02 22:43:42 ----

---- Procesamiento: 2025-07-02 22:43:42 ----

---- Procesamiento: 2025-07-02 22:43:42 ----

---- Procesamiento: 2025-07-02 22:43:43 ----

---- Procesamiento: 2025-07-02 22:43:43 ----

---- Procesamiento: 2025-07-02 22:43:43 ----

---- Procesamiento: 2025-07-02 22:43:43 ----

---- Procesamiento: 2025-07-02 22:43:43 ----

---- Procesamiento: 2025-07-02 22:43:44 ----

---- Procesamiento: 2025-07-02 22:43:44 ----

---- Procesamiento: 2025-07-02 22:43:44 ----

---- Procesamiento: 2025-07-02 22:43:44 ----

---- Procesamiento: 2025-07-02 22:43:44 ----

---- Procesamiento: 2025-07-02 22:43:45 ----

---- Procesamiento: 2025-07-02 22:43:45 ----

---- Procesamiento: 2025-07-02 22:43:45 ----

---- Procesamiento: 2025-07-02 22:43:45 ----

---- Procesamiento: 2025-07-02 22:43:45 ----

---- Procesamiento: 2025-07-02 22:43:46 ----

---- Procesamiento: 2025-07-02 22:43:46 ----

---- Procesamiento: 2025-07-02 22:43:46 ----

---- Procesamiento: 2025-07-02 22:43:46 ----

---- Procesamiento: 2025-07-02 22:43:46 ----

---- Procesamiento: 2025-07-02 22:43:47 ----

---- Procesamiento: 2025-07-02 22:43:47 ----

---- Procesamiento: 2025-07-02 22:43:47 ----

---- Procesamiento: 2025-07-02 22:43:47 ----

---- Procesamiento: 2025-07-02 22:43:47 ----

---- Procesamiento: 2025-07-02 22:43:48 ----

---- Procesamiento: 2025-07-02 22:43:48 ----

---- Procesamiento: 2025-07-02 22:43:48 ----

---- Procesamiento: 2025-07-02 22:43:48 ----

---- Procesamiento: 2025-07-02 22:43:48 ----

---- Procesamiento: 2025-07-02 22:43:49 ----

---- Procesamiento: 2025-07-02 22:43:49 ----

---- Procesamiento: 2025-07-02 22:43:49 ----

---- Procesamiento: 2025-07-02 22:43:49 ----

---- Procesamiento: 2025-07-02 22:43:49 ----

---- Procesamiento: 2025-07-02 22:43:50 ----

---- Procesamiento: 2025-07-02 22:43:50 ----

---- Procesamiento: 2025-07-02 22:43:50 ----

---- Procesamiento: 2025-07-02 22:43:50 ----

---- Procesamiento: 2025-07-02 22:43:50 ----

---- Procesamiento: 2025-07-02 22:43:51 ----

---- Procesamiento: 2025-07-02 22:43:51 ----

---- Procesamiento: 2025-07-02 22:43:51 ----

---- Procesamiento: 2025-07-02 22:43:51 ----

---- Procesamiento: 2025-07-02 22:43:51 ----

---- Procesamiento: 2025-07-02 22:43:52 ----

---- Procesamiento: 2025-07-02 22:43:52 ----

---- Procesamiento: 2025-07-02 22:43:52 ----

---- Procesamiento: 2025-07-02 22:43:52 ----

---- Procesamiento: 2025-07-02 22:43:52 ----

---- Procesamiento: 2025-07-02 22:43:53 ----

---- Procesamiento: 2025-07-02 22:43:53 ----

---- Procesamiento: 2025-07-02 22:43:53 ----

---- Procesamiento: 2025-07-02 22:43:53 ----

---- Procesamiento: 2025-07-02 22:43:53 ----

---- Procesamiento: 2025-07-02 22:43:54 ----

---- Procesamiento: 2025-07-02 22:43:54 ----

---- Procesamiento: 2025-07-02 22:43:54 ----

---- Procesamiento: 2025-07-02 22:43:54 ----

---- Procesamiento: 2025-07-02 22:43:54 ----

---- Procesamiento: 2025-07-02 22:43:55 ----

---- Procesamiento: 2025-07-02 22:43:55 ----

---- Procesamiento: 2025-07-02 22:43:55 ----

---- Procesamiento: 2025-07-02 22:43:55 ----

---- Procesamiento: 2025-07-02 22:43:55 ----

---- Procesamiento: 2025-07-02 22:43:56 ----

---- Procesamiento: 2025-07-02 22:43:56 ----

---- Procesamiento: 2025-07-02 22:43:56 ----

---- Procesamiento: 2025-07-02 22:43:56 ----

---- Procesamiento: 2025-07-02 22:43:56 ----

---- Procesamiento: 2025-07-02 22:43:57 ----

---- Procesamiento: 2025-07-02 22:43:57 ----

---- Procesamiento: 2025-07-02 22:43:57 ----

---- Procesamiento: 2025-07-02 22:43:57 ----

---- Procesamiento: 2025-07-02 22:43:57 ----

---- Procesamiento: 2025-07-02 22:43:58 ----

---- Procesamiento: 2025-07-02 22:43:58 ----

---- Procesamiento: 2025-07-02 22:43:58 ----

---- Procesamiento: 2025-07-02 22:43:58 ----

---- Procesamiento: 2025-07-02 22:43:58 ----

---- Procesamiento: 2025-07-02 22:43:59 ----

---- Procesamiento: 2025-07-02 22:43:59 ----

---- Procesamiento: 2025-07-02 22:43:59 ----

---- Procesamiento: 2025-07-02 22:43:59 ----

---- Procesamiento: 2025-07-02 22:43:59 ----

---- Procesamiento: 2025-07-02 22:44:00 ----

---- Procesamiento: 2025-07-02 22:44:00 ----

---- Procesamiento: 2025-07-02 22:44:00 ----

---- Procesamiento: 2025-07-02 22:44:00 ----

---- Procesamiento: 2025-07-02 22:44:00 ----

---- Procesamiento: 2025-07-02 22:44:01 ----

---- Procesamiento: 2025-07-02 22:44:01 ----

---- Procesamiento: 2025-07-02 22:44:01 ----

---- Procesamiento: 2025-07-02 22:44:01 ----

---- Procesamiento: 2025-07-02 22:44:02 ----

---- Procesamiento: 2025-07-02 22:44:02 ----

---- Procesamiento: 2025-07-02 22:44:02 ----

---- Procesamiento: 2025-07-02 22:44:02 ----

---- Procesamiento: 2025-07-02 22:44:02 ----

---- Procesamiento: 2025-07-02 22:44:03 ----

---- Procesamiento: 2025-07-02 22:44:03 ----

---- Procesamiento: 2025-07-02 22:44:03 ----

---- Procesamiento: 2025-07-02 22:44:03 ----

---- Procesamiento: 2025-07-02 22:44:03 ----

---- Procesamiento: 2025-07-02 22:44:04 ----

---- Procesamiento: 2025-07-02 22:44:04 ----

---- Procesamiento: 2025-07-02 22:44:04 ----

---- Procesamiento: 2025-07-02 22:44:04 ----

---- Procesamiento: 2025-07-02 22:44:04 ----

---- Procesamiento: 2025-07-02 22:44:05 ----

---- Procesamiento: 2025-07-02 22:44:05 ----

---- Procesamiento: 2025-07-02 22:44:05 ----

---- Procesamiento: 2025-07-02 22:44:05 ----

---- Procesamiento: 2025-07-02 22:44:05 ----

---- Procesamiento: 2025-07-02 22:44:06 ----

---- Procesamiento: 2025-07-02 22:44:06 ----

---- Procesamiento: 2025-07-02 22:44:06 ----

---- Procesamiento: 2025-07-02 22:44:06 ----

---- Procesamiento: 2025-07-02 22:44:06 ----

---- Procesamiento: 2025-07-02 22:44:07 ----

---- Procesamiento: 2025-07-02 22:44:07 ----

---- Procesamiento: 2025-07-02 22:44:07 ----

---- Procesamiento: 2025-07-02 22:44:07 ----

---- Procesamiento: 2025-07-02 22:47:54 ----

---- Procesamiento: 2025-07-02 22:47:54 ----

---- Procesamiento: 2025-07-02 22:47:54 ----

---- Procesamiento: 2025-07-02 22:47:54 ----

---- Procesamiento: 2025-07-02 22:47:55 ----

---- Procesamiento: 2025-07-02 22:47:55 ----

---- Procesamiento: 2025-07-02 22:47:55 ----

---- Procesamiento: 2025-07-02 22:47:55 ----

---- Procesamiento: 2025-07-02 22:47:55 ----

---- Procesamiento: 2025-07-02 22:47:56 ----

---- Procesamiento: 2025-07-02 22:47:56 ----

---- Procesamiento: 2025-07-02 22:47:56 ----

---- Procesamiento: 2025-07-02 22:47:56 ----

---- Procesamiento: 2025-07-02 22:47:56 ----

---- Procesamiento: 2025-07-02 22:47:57 ----

---- Procesamiento: 2025-07-02 22:47:57 ----

---- Procesamiento: 2025-07-02 22:47:57 ----

---- Procesamiento: 2025-07-02 22:47:57 ----

---- Procesamiento: 2025-07-02 22:47:57 ----

---- Procesamiento: 2025-07-02 22:47:58 ----

---- Procesamiento: 2025-07-02 22:47:58 ----

---- Procesamiento: 2025-07-02 22:47:58 ----

---- Procesamiento: 2025-07-02 22:47:58 ----

---- Procesamiento: 2025-07-02 22:47:58 ----

---- Procesamiento: 2025-07-02 22:47:59 ----

---- Procesamiento: 2025-07-02 22:47:59 ----

---- Procesamiento: 2025-07-02 22:47:59 ----

---- Procesamiento: 2025-07-02 22:47:59 ----

---- Procesamiento: 2025-07-02 22:47:59 ----

---- Procesamiento: 2025-07-02 22:48:00 ----

---- Procesamiento: 2025-07-02 22:48:00 ----

---- Procesamiento: 2025-07-02 22:48:00 ----

---- Procesamiento: 2025-07-02 22:48:00 ----

---- Procesamiento: 2025-07-02 22:48:00 ----

---- Procesamiento: 2025-07-02 22:48:01 ----

---- Procesamiento: 2025-07-02 22:48:01 ----

---- Procesamiento: 2025-07-02 22:48:01 ----

---- Procesamiento: 2025-07-02 22:48:01 ----

---- Procesamiento: 2025-07-02 22:48:01 ----

---- Procesamiento: 2025-07-02 22:48:02 ----

---- Procesamiento: 2025-07-02 22:48:02 ----

---- Procesamiento: 2025-07-02 22:48:02 ----

---- Procesamiento: 2025-07-02 22:48:02 ----

---- Procesamiento: 2025-07-02 22:48:02 ----

---- Procesamiento: 2025-07-02 22:48:03 ----

---- Procesamiento: 2025-07-02 22:48:03 ----

---- Procesamiento: 2025-07-02 22:48:03 ----

---- Procesamiento: 2025-07-02 22:48:03 ----

---- Procesamiento: 2025-07-02 22:48:03 ----

---- Procesamiento: 2025-07-02 22:48:22 ----

---- Procesamiento: 2025-07-02 22:48:23 ----

---- Procesamiento: 2025-07-02 22:48:23 ----

---- Procesamiento: 2025-07-02 22:48:23 ----

---- Procesamiento: 2025-07-02 22:48:23 ----

---- Procesamiento: 2025-07-02 22:48:23 ----

---- Procesamiento: 2025-07-02 22:48:24 ----

---- Procesamiento: 2025-07-02 22:48:24 ----

---- Procesamiento: 2025-07-02 22:48:24 ----

---- Procesamiento: 2025-07-02 22:48:24 ----

---- Procesamiento: 2025-07-02 22:48:24 ----

---- Procesamiento: 2025-07-02 22:48:25 ----

---- Procesamiento: 2025-07-02 22:48:25 ----

---- Procesamiento: 2025-07-02 22:48:25 ----

---- Procesamiento: 2025-07-02 22:48:25 ----

---- Procesamiento: 2025-07-02 22:48:25 ----

---- Procesamiento: 2025-07-02 22:48:26 ----

---- Procesamiento: 2025-07-02 22:48:26 ----

---- Procesamiento: 2025-07-02 22:48:26 ----

---- Procesamiento: 2025-07-02 22:48:26 ----

---- Procesamiento: 2025-07-02 22:48:26 ----

---- Procesamiento: 2025-07-02 22:48:27 ----

---- Procesamiento: 2025-07-02 22:48:27 ----

---- Procesamiento: 2025-07-02 22:48:27 ----

---- Procesamiento: 2025-07-02 22:48:27 ----

---- Procesamiento: 2025-07-02 22:48:27 ----

---- Procesamiento: 2025-07-02 22:48:28 ----

---- Procesamiento: 2025-07-02 22:48:28 ----

---- Procesamiento: 2025-07-02 22:48:28 ----

---- Procesamiento: 2025-07-02 22:48:28 ----

---- Procesamiento: 2025-07-02 22:48:28 ----

---- Procesamiento: 2025-07-02 22:48:29 ----

---- Procesamiento: 2025-07-02 22:48:29 ----

---- Procesamiento: 2025-07-02 22:48:29 ----

---- Procesamiento: 2025-07-02 22:48:29 ----

---- Procesamiento: 2025-07-02 22:48:29 ----

---- Procesamiento: 2025-07-02 22:48:30 ----

---- Procesamiento: 2025-07-02 22:48:30 ----

---- Procesamiento: 2025-07-02 22:48:30 ----

---- Procesamiento: 2025-07-02 22:48:30 ----

---- Procesamiento: 2025-07-02 22:48:30 ----

---- Procesamiento: 2025-07-02 22:48:31 ----

---- Procesamiento: 2025-07-02 22:48:31 ----

---- Procesamiento: 2025-07-02 22:48:31 ----

---- Procesamiento: 2025-07-02 22:48:31 ----

---- Procesamiento: 2025-07-02 22:48:32 ----

---- Procesamiento: 2025-07-02 22:48:32 ----

---- Procesamiento: 2025-07-02 22:48:32 ----

---- Procesamiento: 2025-07-02 22:48:32 ----

---- Procesamiento: 2025-07-02 22:48:32 ----

---- Procesamiento: 2025-07-02 22:48:32 ----

---- Procesamiento: 2025-07-02 22:48:33 ----

---- Procesamiento: 2025-07-02 22:48:33 ----

---- Procesamiento: 2025-07-02 22:48:33 ----
